{"accuracy": [0.6094743609428406, 0.8620812296867371, 0.916409432888031, 0.9421437978744507, 0.9547336101531982, 0.9651895761489868, 0.9731702208518982, 0.9762714505195618, 0.9791592359542847, 0.9831140041351318], "loss": [1.3287800550460815, 0.4361995458602905, 0.25897666811943054, 0.17595337331295013, 0.13518522679805756, 0.10357488691806793, 0.0820457935333252, 0.07270779460668564, 0.06207351014018059, 0.053264595568180084], "val_accuracy": [0.7910881042480469, 0.8966537714004517, 0.9402458667755127, 0.9445139765739441, 0.9426360130310059, 0.9672206044197083, 0.9607329964637756, 0.9630662202835083, 0.9586842656135559, 0.970919668674469], "val_loss": [0.6940727829933167, 0.3220919072628021, 0.19276827573776245, 0.16926832497119904, 0.18675602972507477, 0.1033179759979248, 0.12741519510746002, 0.12511464953422546, 0.14196419715881348, 0.09948669373989105]}